temperature,humidity,time_of_day,energy_usage
25.13943344,43.4315812,2022-01-01 00:00:00,75.3643734
27.73165052,54.22591858,2022-01-01 01:00:00,83.40185495
28.70427686,58.90765774,2022-01-01 02:00:00,78.27088774
20.08046949,50.37163715,2022-01-01 03:00:00,56.51985049
23.09735926,51.40142134,2022-01-01 04:00:00,70.81173247
29.57603739,36.82426323,2022-01-01 05:00:00,84.32188519
25.13116712,35.70962155,2022-01-01 06:00:00,76.1657909
23.18284425,31.67991978,2022-01-01 07:00:00,74.13190618
25.39199937,46.39936405,2022-01-01 08:00:00,78.20623587
22.21254942,32.41846388,2022-01-01 09:00:00,77.9922137
28.06481358,36.45147179,2022-01-01 10:00:00,82.27443448
23.42254626,30.52734216,2022-01-01 11:00:00,73.2786695
25.38888849,47.60101803,2022-01-01 12:00:00,84.14477566
20.05873786,41.86164159,2022-01-01 13:00:00,60.02251856
26.73152478,37.29787045,2022-01-01 14:00:00,81.18318756
22.10024262,56.09917872,2022-01-01 15:00:00,74.08125629
29.32557593,56.95417357,2022-01-01 16:00:00,89.49820766
23.74244749,42.24584548,2022-01-01 17:00:00,72.87244264
27.52418922,47.17242968,2022-01-01 18:00:00,83.8998966
27.63139002,36.14029374,2022-01-01 19:00:00,82.0775794
28.70499455,59.93189479,2022-01-01 20:00:00,94.23628773
21.10111178,30.41800645,2022-01-01 21:00:00,59.67238043
23.0009198,43.63838293,2022-01-01 22:00:00,70.23522762
24.74905766,57.21684865,2022-01-01 23:00:00,78.39420777
26.72936719,46.19408777,2022-01-02 00:00:00,87.84164466
22.57592433,57.74957192,2022-01-02 01:00:00,72.92984426
27.0115132,52.63757188,2022-01-02 02:00:00,86.66909405
26.57000059,43.33031196,2022-01-02 03:00:00,80.41142776
21.82007758,56.85518813,2022-01-02 04:00:00,64.212098
23.22062993,46.07387943,2022-01-02 05:00:00,74.16033755
28.87537457,31.80313045,2022-01-02 06:00:00,81.04958057
20.83349161,51.14700702,2022-01-02 07:00:00,70.30817193
27.4656412,34.94099104,2022-01-02 08:00:00,82.28439185
20.62350049,50.14503354,2022-01-02 09:00:00,59.84739269
27.31481127,42.93605505,2022-01-02 10:00:00,82.50403686
27.42511355,32.39478807,2022-01-02 11:00:00,82.78244589
24.07915813,54.09504887,2022-01-02 12:00:00,74.67411328
29.91382999,53.34075279,2022-01-02 13:00:00,86.88913818
24.52137299,42.27647349,2022-01-02 14:00:00,78.54242642
21.89878543,48.63351463,2022-01-02 15:00:00,77.22845716
23.51626472,52.37155796,2022-01-02 16:00:00,73.73515146
27.14811666,43.12086624,2022-01-02 17:00:00,91.84340825
23.57435363,52.8516642,2022-01-02 18:00:00,73.35070513
20.51618554,40.91849971,2022-01-02 19:00:00,66.20209751
23.15919004,33.08814922,2022-01-02 20:00:00,77.85177635
29.98804612,51.19663001,2022-01-02 21:00:00,90.9814761
22.87904857,30.35776229,2022-01-02 22:00:00,81.91707933
24.61795871,49.04122555,2022-01-02 23:00:00,70.22461754
27.35268111,36.25924919,2022-01-03 00:00:00,88.73376918
29.43678951,48.84844941,2022-01-03 01:00:00,76.55502513
21.75402643,45.53864309,2022-01-03 02:00:00,62.05505494
22.12421376,47.34391566,2022-01-03 03:00:00,62.00189386
21.32477613,33.61505671,2022-01-03 04:00:00,80.45212742
22.08681192,43.83891693,2022-01-03 05:00:00,64.71822006
29.95687945,56.7888056,2022-01-03 06:00:00,91.87196451
22.46645832,45.22840942,2022-01-03 07:00:00,69.69226303
21.10053159,52.70577939,2022-01-03 08:00:00,63.85097613
25.02320238,43.58649903,2022-01-03 09:00:00,68.80528578
24.56121815,37.03931989,2022-01-03 10:00:00,76.30130929
27.34490229,33.68329829,2022-01-03 11:00:00,84.03868416
26.20943541,40.77160428,2022-01-03 12:00:00,77.67379217
26.21070227,42.08418296,2022-01-03 13:00:00,78.91225016
21.50172634,43.35331519,2022-01-03 14:00:00,64.04242488
25.38274546,51.90269995,2022-01-03 15:00:00,78.1872813
21.20347244,49.61036981,2022-01-03 16:00:00,63.39384819
21.53025522,42.01688339,2022-01-03 17:00:00,76.1061781
24.50178557,48.58331043,2022-01-03 18:00:00,60.14423798
24.29072347,36.98773403,2022-01-03 19:00:00,80.19264551
27.33662081,50.87667729,2022-01-03 20:00:00,86.22364507
20.7357155,48.50663624,2022-01-03 21:00:00,53.26327834
22.7878583,43.95104865,2022-01-03 22:00:00,64.96318367
21.65293775,56.13704538,2022-01-03 23:00:00,66.43892065
25.08088138,59.67153433,2022-01-04 00:00:00,75.91390632
25.79251153,33.89221588,2022-01-04 01:00:00,84.19146741
26.38607928,43.29577762,2022-01-04 02:00:00,75.25176382
22.14025704,49.42487794,2022-01-04 03:00:00,75.01447098
24.17577648,41.80015037,2022-01-04 04:00:00,69.36574478
24.66814181,43.14091042,2022-01-04 05:00:00,78.04604233
20.83069216,52.19017626,2022-01-04 06:00:00,67.48478775
25.70272908,53.31665482,2022-01-04 07:00:00,78.2542879
22.28517563,40.6599134,2022-01-04 08:00:00,74.84338094
20.3572972,52.95666984,2022-01-04 09:00:00,64.64191193
29.64529278,42.51360621,2022-01-04 10:00:00,89.0884343
20.74659947,39.36306812,2022-01-04 11:00:00,73.15432865
27.30480241,48.59586683,2022-01-04 12:00:00,72.11709861
25.02629924,48.0954382,2022-01-04 13:00:00,76.72156433
20.92610835,46.18534284,2022-01-04 14:00:00,65.97246107
25.23949354,43.07836641,2022-01-04 15:00:00,61.53670969
24.34217961,47.40595644,2022-01-04 16:00:00,77.38447784
25.48016407,55.32138506,2022-01-04 17:00:00,76.07661992
29.35006968,30.88538003,2022-01-04 18:00:00,74.86787369
29.95050303,42.42525805,2022-01-04 19:00:00,86.28935401
26.62318074,37.72919218,2022-01-04 20:00:00,83.87525695
23.54130272,34.53490594,2022-01-04 21:00:00,83.45804939
24.39157014,53.03415959,2022-01-04 22:00:00,81.9968284
27.75515877,39.84810667,2022-01-04 23:00:00,86.64692164
26.28690619,40.70675768,2022-01-05 00:00:00,75.98238075
20.97990921,58.11562861,2022-01-05 01:00:00,70.71436236
26.5158606,58.65666761,2022-01-05 02:00:00,81.74552951
29.68616008,33.99960255,2022-01-05 03:00:00,85.1825525
22.36951967,54.38705919,2022-01-05 04:00:00,75.29040593
23.92723747,53.67575902,2022-01-05 05:00:00,85.18197379
20.82665215,39.19961425,2022-01-05 06:00:00,72.76703721
28.235508,54.70047192,2022-01-05 07:00:00,81.81977545
22.89496304,54.11511641,2022-01-05 08:00:00,78.64588466
21.63998082,59.41123031,2022-01-05 09:00:00,66.95161484
21.6313505,50.47608151,2022-01-05 10:00:00,71.17906441
22.77963693,58.58018635,2022-01-05 11:00:00,63.8619102
20.07062523,54.00859281,2022-01-05 12:00:00,61.13094285
27.48755598,38.51450683,2022-01-05 13:00:00,79.72428614
28.53814894,49.96585219,2022-01-05 14:00:00,81.89398686
29.25702432,38.18426699,2022-01-05 15:00:00,85.36040307
23.02144912,47.87589415,2022-01-05 16:00:00,77.7764691
24.74130361,38.02144716,2022-01-05 17:00:00,87.7480046
27.40315468,33.03160263,2022-01-05 18:00:00,72.39601158
26.50637223,56.16762905,2022-01-05 19:00:00,69.56901196
22.67617722,47.26094947,2022-01-05 20:00:00,73.25221626
23.89271281,49.39507884,2022-01-05 21:00:00,75.81440197
29.05240879,39.08467957,2022-01-05 22:00:00,86.53486773
27.30842167,58.56743563,2022-01-05 23:00:00,81.19093783
20.76246135,30.50361681,2022-01-06 00:00:00,76.9364531
22.0627827,57.56876666,2022-01-06 01:00:00,64.59533738
28.88318386,39.63866759,2022-01-06 02:00:00,81.10901891
24.12705095,47.96403459,2022-01-06 03:00:00,70.25774285
22.04510998,33.3242579,2022-01-06 04:00:00,65.9814219
23.46931367,31.18500406,2022-01-06 05:00:00,76.19515389
24.12198922,36.22531925,2022-01-06 06:00:00,72.16382018
27.55284508,34.5381823,2022-01-06 07:00:00,74.11809532
21.33084051,36.9476702,2022-01-06 08:00:00,73.9281436
28.54821119,34.65484006,2022-01-06 09:00:00,80.51166203
23.79808176,59.35728859,2022-01-06 10:00:00,68.56408772
24.76878004,46.2216925,2022-01-06 11:00:00,71.42759361
21.30153697,52.10150863,2022-01-06 12:00:00,64.07696764
22.72197376,35.89964366,2022-01-06 13:00:00,57.48444204
29.45837972,56.40345029,2022-01-06 14:00:00,82.5977672
24.74355527,43.27952524,2022-01-06 15:00:00,77.5180513
21.52426617,33.25524914,2022-01-06 16:00:00,71.01713961
25.52147035,48.27578382,2022-01-06 17:00:00,64.69791036
26.20669205,46.43151995,2022-01-06 18:00:00,76.30888109
28.4902659,44.50404119,2022-01-06 19:00:00,80.00384749
24.28568824,39.68855487,2022-01-06 20:00:00,72.10407562
29.58086952,45.41719161,2022-01-06 21:00:00,93.78946764
21.956904,45.78312249,2022-01-06 22:00:00,78.13896312
25.16589294,39.60412762,2022-01-06 23:00:00,87.32448956
24.01594209,47.94053553,2022-01-07 00:00:00,74.17904404
22.78816375,34.07807564,2022-01-07 01:00:00,69.91514118
26.04089496,47.53823198,2022-01-07 02:00:00,91.5943548
20.79672417,34.41135637,2022-01-07 03:00:00,76.13895451
24.95147908,35.68303467,2022-01-07 04:00:00,70.97691338
24.74071986,46.13389978,2022-01-07 05:00:00,79.43394002
27.35805437,36.16290662,2022-01-07 06:00:00,77.65217035
22.93456303,34.016836,2022-01-07 07:00:00,74.11609389
22.17088873,41.10062847,2022-01-07 08:00:00,67.63764065
22.05580615,47.31027362,2022-01-07 09:00:00,72.59022722
29.82050358,37.0324497,2022-01-07 10:00:00,85.12072843
24.52923701,39.48944934,2022-01-07 11:00:00,76.92758508
29.58684969,53.87531481,2022-01-07 12:00:00,82.96293306
28.9610656,43.88354638,2022-01-07 13:00:00,77.22008603
24.40907037,43.31585057,2022-01-07 14:00:00,71.13106168
24.09961989,45.08272118,2022-01-07 15:00:00,69.27222198
26.60964172,59.72756653,2022-01-07 16:00:00,82.23684828
29.33981338,46.06150306,2022-01-07 17:00:00,83.33161599
28.04536975,39.32440919,2022-01-07 18:00:00,95.07096217
24.74475303,30.16745158,2022-01-07 19:00:00,79.8002501
24.93943614,40.48957381,2022-01-07 20:00:00,78.73050082
22.55395012,41.0481825,2022-01-07 21:00:00,85.42767735
26.07494158,35.51732088,2022-01-07 22:00:00,84.03168983
20.63269073,50.95243488,2022-01-07 23:00:00,72.89058362
25.71473454,42.29866537,2022-01-08 00:00:00,75.61498189
20.91479245,31.71009383,2022-01-08 01:00:00,71.78964722
25.20534149,48.64990088,2022-01-08 02:00:00,63.00815766
25.97652406,38.48415292,2022-01-08 03:00:00,94.55062457
27.72641369,53.33917902,2022-01-08 04:00:00,83.57683054
25.25112028,33.63497477,2022-01-08 05:00:00,84.69317341
26.39275138,52.9465257,2022-01-08 06:00:00,78.58613842
25.40366892,38.21610477,2022-01-08 07:00:00,75.64668455
22.65582435,54.16381829,2022-01-08 08:00:00,73.20686742
23.10978492,53.83190188,2022-01-08 09:00:00,74.33393532
24.43071128,37.29842102,2022-01-08 10:00:00,81.30053663
23.76846846,49.08568113,2022-01-08 11:00:00,78.22920749
25.6731838,55.43730018,2022-01-08 12:00:00,75.41031586
24.1287517,56.93177701,2022-01-08 13:00:00,71.18623046
29.53401925,35.29794527,2022-01-08 14:00:00,92.86092549
25.96679016,38.73382129,2022-01-08 15:00:00,82.10276684
24.74086027,45.39176156,2022-01-08 16:00:00,78.28652838
29.95499539,55.09653944,2022-01-08 17:00:00,86.08746919
22.25393777,39.75479364,2022-01-08 18:00:00,74.57680498
24.54321848,31.32913858,2022-01-08 19:00:00,90.53846529
24.34197661,43.53846921,2022-01-08 20:00:00,76.76832119
27.60557613,58.52258032,2022-01-08 21:00:00,86.41515216
25.71536181,57.64434178,2022-01-08 22:00:00,76.19438265
26.88056182,51.62348564,2022-01-08 23:00:00,76.93391964
24.11976441,41.22561416,2022-01-09 00:00:00,71.05504381
22.17423028,37.66492665,2022-01-09 01:00:00,77.39615133
21.46866746,34.52321016,2022-01-09 02:00:00,70.65426607
22.54704875,46.11825117,2022-01-09 03:00:00,67.8075495
23.95915996,31.20897742,2022-01-09 04:00:00,72.07174962
20.68444001,38.48799934,2022-01-09 05:00:00,59.60890189
28.00033639,57.80399003,2022-01-09 06:00:00,90.01159284
20.68728253,34.00230405,2022-01-09 07:00:00,73.37704701
20.37295544,49.62542405,2022-01-09 08:00:00,70.97874709
21.99294281,46.86319509,2022-01-09 09:00:00,74.37957432
22.22280235,50.01013663,2022-01-09 10:00:00,67.64237008
22.64655952,31.24166277,2022-01-09 11:00:00,71.5353959
20.14509495,54.1466994,2022-01-09 12:00:00,65.28898283
23.85243516,34.38852565,2022-01-09 13:00:00,72.43112713
26.82715303,52.87742398,2022-01-09 14:00:00,75.68903568
20.98349283,54.43680566,2022-01-09 15:00:00,71.77872061
26.94394101,31.95760009,2022-01-09 16:00:00,80.04392594
20.91870129,35.61912355,2022-01-09 17:00:00,75.3694377
28.79848358,37.71604787,2022-01-09 18:00:00,86.5505985
24.4803593,56.39299101,2022-01-09 19:00:00,71.9381497
25.64310242,51.8397139,2022-01-09 20:00:00,87.13708266
24.21717975,53.53776086,2022-01-09 21:00:00,73.58696137
28.03065679,30.40053419,2022-01-09 22:00:00,90.72509868
23.3656332,52.01581684,2022-01-09 23:00:00,72.99628149
23.26041505,50.94770949,2022-01-10 00:00:00,85.68075278
21.14941244,51.28670038,2022-01-10 01:00:00,69.30518445
28.17756623,41.06552863,2022-01-10 02:00:00,73.9998394
21.00449301,32.80371969,2022-01-10 03:00:00,70.28576214
20.95706615,54.45741561,2022-01-10 04:00:00,75.17636555
26.97011494,46.54399814,2022-01-10 05:00:00,86.71559756
29.38485263,49.77790579,2022-01-10 06:00:00,90.45215551
20.98606705,59.66964947,2022-01-10 07:00:00,64.36966291
22.93476989,50.51657628,2022-01-10 08:00:00,68.35678499
21.3018444,43.8944118,2022-01-10 09:00:00,70.38082621
23.97674187,53.50082641,2022-01-10 10:00:00,77.70804435
25.68058909,52.69300848,2022-01-10 11:00:00,68.52149457
28.29829485,45.3449309,2022-01-10 12:00:00,77.87769146
24.28433918,50.42035656,2022-01-10 13:00:00,77.73573441
27.76634288,58.50555771,2022-01-10 14:00:00,83.24548579
23.97321246,46.83211679,2022-01-10 15:00:00,80.30181828
24.69385893,39.95088081,2022-01-10 16:00:00,76.1119173
24.52415184,59.47546095,2022-01-10 17:00:00,64.04576015
22.34272772,35.84058972,2022-01-10 18:00:00,77.01609484
23.18850677,58.87111761,2022-01-10 19:00:00,78.73329793
29.72049067,32.42367573,2022-01-10 20:00:00,87.44225579
20.86510055,52.23935393,2022-01-10 21:00:00,72.43118969
26.32086544,30.71754452,2022-01-10 22:00:00,76.71624498
21.4254451,51.56712436,2022-01-10 23:00:00,67.8069676
25.10085139,36.13765007,2022-01-11 00:00:00,74.66520659
21.92645426,44.60597384,2022-01-11 01:00:00,77.02412226
20.25156964,54.34084196,2022-01-11 02:00:00,57.90048341
25.12261404,31.32321576,2022-01-11 03:00:00,73.95195603
24.44409974,44.29228906,2022-01-11 04:00:00,77.15892669
26.71812178,48.10132015,2022-01-11 05:00:00,93.00944697
22.4653627,43.03348624,2022-01-11 06:00:00,80.36211599
29.65988408,34.04228577,2022-01-11 07:00:00,92.52121147
24.29302166,32.05925208,2022-01-11 08:00:00,72.66316703
26.52703823,45.75926969,2022-01-11 09:00:00,78.20231068
26.9040665,30.24919989,2022-01-11 10:00:00,90.49170426
29.49047183,34.62720152,2022-01-11 11:00:00,76.68183998
26.70387505,38.37927804,2022-01-11 12:00:00,81.51851629
21.82934211,42.41534005,2022-01-11 13:00:00,67.3154283
26.50239154,53.38212898,2022-01-11 14:00:00,79.49660135
28.1269735,46.25417393,2022-01-11 15:00:00,86.4473386
28.40625304,50.72526184,2022-01-11 16:00:00,93.6948066
24.64643325,51.58216767,2022-01-11 17:00:00,79.48953463
26.69364456,56.49109549,2022-01-11 18:00:00,71.90487922
29.21109492,36.39495471,2022-01-11 19:00:00,77.41385904
24.95024648,48.10440687,2022-01-11 20:00:00,68.4685336
24.60361605,47.17522364,2022-01-11 21:00:00,72.99317043
29.59193085,57.25634011,2022-01-11 22:00:00,83.22600601
29.87654879,39.69924262,2022-01-11 23:00:00,80.43141464
29.44648388,45.99409147,2022-01-12 00:00:00,81.66465478
29.59943709,50.61874931,2022-01-12 01:00:00,91.90838131
22.554829,47.79164857,2022-01-12 02:00:00,65.67603413
26.14800868,30.73840414,2022-01-12 03:00:00,76.23584839
24.9294248,36.42623784,2022-01-12 04:00:00,81.54680099
24.79754332,44.30745725,2022-01-12 05:00:00,83.75995735
23.34986439,33.09846361,2022-01-12 06:00:00,76.63972945
24.60072168,43.64622715,2022-01-12 07:00:00,73.62997122
25.00628702,38.08050133,2022-01-12 08:00:00,86.84928585
20.70318134,41.90536535,2022-01-12 09:00:00,66.84867535
23.47439429,39.76224025,2022-01-12 10:00:00,73.05780674
22.85977795,37.40112554,2022-01-12 11:00:00,74.12653715
23.67904809,34.90069736,2022-01-12 12:00:00,79.93849947
28.31838876,40.43914067,2022-01-12 13:00:00,78.63688458
25.30446489,48.43951186,2022-01-12 14:00:00,65.44542802
22.0920897,50.56506501,2022-01-12 15:00:00,74.71188396
22.74014527,45.29156765,2022-01-12 16:00:00,71.56881317
29.24867278,48.0876758,2022-01-12 17:00:00,91.49098229
21.43070683,47.48688287,2022-01-12 18:00:00,66.97225234
23.77869184,52.77726686,2022-01-12 19:00:00,75.6791713
24.73198341,36.3413988,2022-01-12 20:00:00,66.829458
25.59778919,36.56132746,2022-01-12 21:00:00,86.77961956
29.7437296,34.16691651,2022-01-12 22:00:00,83.34114368
24.22326633,49.20816171,2022-01-12 23:00:00,66.15000122
23.3246254,36.35477557,2022-01-13 00:00:00,66.17761965
28.30389189,46.03217441,2022-01-13 01:00:00,94.17851811
29.62555554,39.95413533,2022-01-13 02:00:00,89.63251802
20.61257094,49.69353549,2022-01-13 03:00:00,71.85136903
29.92767645,54.17914066,2022-01-13 04:00:00,85.9255532
27.32678192,51.07481121,2022-01-13 05:00:00,72.64321481
21.84143669,57.52847927,2022-01-13 06:00:00,71.36935559
21.11869315,47.80595112,2022-01-13 07:00:00,56.1582064
20.75179599,44.10279929,2022-01-13 08:00:00,64.15908028
26.1699493,47.69281518,2022-01-13 09:00:00,78.55300132
23.17225963,49.57771081,2022-01-13 10:00:00,83.95704997
25.27281636,40.19363642,2022-01-13 11:00:00,71.79237551
21.80078577,49.95024475,2022-01-13 12:00:00,75.05653078
29.672113,56.54390695,2022-01-13 13:00:00,80.48703556
25.7448875,58.60466369,2022-01-13 14:00:00,85.70653026
28.37152111,58.46165461,2022-01-13 15:00:00,84.58609727
23.33691173,46.071802,2022-01-13 16:00:00,71.58907833
29.07327456,55.48688644,2022-01-13 17:00:00,79.7663742
24.49606284,59.55584186,2022-01-13 18:00:00,68.19559791
24.00580156,49.42088782,2022-01-13 19:00:00,66.00177993
27.92221349,44.01894863,2022-01-13 20:00:00,80.51439622
24.04782383,54.58723427,2022-01-13 21:00:00,83.21939504
28.8373016,38.59751388,2022-01-13 22:00:00,96.24479647
24.10029689,40.03157327,2022-01-13 23:00:00,73.10864189
20.96062913,50.87546353,2022-01-14 00:00:00,69.61597784
24.82875709,55.59731295,2022-01-14 01:00:00,85.17992012
27.70701191,30.19725981,2022-01-14 02:00:00,84.49219677
21.43657362,35.16035087,2022-01-14 03:00:00,70.5360059
21.86940692,34.39734417,2022-01-14 04:00:00,60.49180014
26.89542245,33.03578217,2022-01-14 05:00:00,82.16772173
29.84140366,31.51442417,2022-01-14 06:00:00,81.9120408
21.62325004,57.40925627,2022-01-14 07:00:00,70.01666703
29.97116493,30.52168416,2022-01-14 08:00:00,94.07625485
24.47568309,55.10140769,2022-01-14 09:00:00,74.4007924
27.74669993,39.67821113,2022-01-14 10:00:00,89.50707092
26.4789894,53.26256144,2022-01-14 11:00:00,81.44492044
29.66139079,30.62518842,2022-01-14 12:00:00,82.02665399
28.49538571,49.5700364,2022-01-14 13:00:00,86.5897196
23.67663813,38.6002447,2022-01-14 14:00:00,73.31338433
22.97624726,49.55548713,2022-01-14 15:00:00,63.94519034
25.55609209,53.10644794,2022-01-14 16:00:00,71.68215977
24.35567264,50.65458482,2022-01-14 17:00:00,80.88488371
22.49358412,30.6912718,2022-01-14 18:00:00,69.36518466
25.02810359,54.2472966,2022-01-14 19:00:00,77.11135725
24.75421612,54.10080906,2022-01-14 20:00:00,66.83338951
26.66012137,41.6449655,2022-01-14 21:00:00,86.27594101
29.94055445,51.64890692,2022-01-14 22:00:00,93.67536719
25.29279314,56.57839325,2022-01-14 23:00:00,78.51637754
29.83575267,34.78760836,2022-01-15 00:00:00,92.94947424
28.32308056,40.20273701,2022-01-15 01:00:00,81.03512874
23.53054302,45.03108411,2022-01-15 02:00:00,82.69984872
25.48592542,48.30514746,2022-01-15 03:00:00,72.51616454
29.10335662,32.39645093,2022-01-15 04:00:00,89.10422124
23.60485467,59.20251243,2022-01-15 05:00:00,75.10348088
22.20113547,58.28733926,2022-01-15 06:00:00,67.43476731
29.64724751,56.63048279,2022-01-15 07:00:00,87.24482058
22.53992237,49.58991818,2022-01-15 08:00:00,71.39509194
29.15644142,35.71379302,2022-01-15 09:00:00,86.43309226
20.79239753,41.96566758,2022-01-15 10:00:00,68.24350216
21.76621987,43.39761996,2022-01-15 11:00:00,77.32618941
27.41869693,50.70620208,2022-01-15 12:00:00,87.63455304
29.59878688,32.49968359,2022-01-15 13:00:00,85.04770452
22.88336431,57.85274831,2022-01-15 14:00:00,73.25681014
24.12386224,33.7955033,2022-01-15 15:00:00,86.13804178
24.92036121,59.29309197,2022-01-15 16:00:00,73.3017085
24.86707217,56.90693872,2022-01-15 17:00:00,77.75822606
26.41607206,58.01014968,2022-01-15 18:00:00,69.98089973
29.93409192,51.026985,2022-01-15 19:00:00,81.71962013
26.64132605,55.26262006,2022-01-15 20:00:00,83.18770624
29.53147229,47.13663552,2022-01-15 21:00:00,74.50066582
25.64960485,37.51772637,2022-01-15 22:00:00,85.30242791
20.58670995,49.40760943,2022-01-15 23:00:00,68.16641917
25.01509889,39.80485802,2022-01-16 00:00:00,78.27308086
27.0852004,55.76623297,2022-01-16 01:00:00,83.73032137
25.46302669,43.33426883,2022-01-16 02:00:00,91.26509967
24.93275763,37.65871505,2022-01-16 03:00:00,84.2700706
20.72985222,51.52162744,2022-01-16 04:00:00,72.99259685
26.594866,43.34592018,2022-01-16 05:00:00,82.85963589
23.94562058,34.18784623,2022-01-16 06:00:00,77.19419321
27.43320714,52.27813671,2022-01-16 07:00:00,94.62023821
29.45484493,39.18904981,2022-01-16 08:00:00,89.00357445
26.62576346,55.98718707,2022-01-16 09:00:00,68.83167001
24.20913824,55.10484936,2022-01-16 10:00:00,84.01097145
27.24652907,36.55317638,2022-01-16 11:00:00,78.97905452
22.8755812,53.10523438,2022-01-16 12:00:00,67.48245503
26.49049171,59.58797279,2022-01-16 13:00:00,78.83221237
29.84783586,57.01353259,2022-01-16 14:00:00,89.16170791
25.75067032,45.98494058,2022-01-16 15:00:00,80.90873749
26.21152124,56.22313076,2022-01-16 16:00:00,69.84644934
25.27197428,37.92865642,2022-01-16 17:00:00,93.61749393
24.68514769,59.81235329,2022-01-16 18:00:00,71.72043318
29.9895841,48.61326428,2022-01-16 19:00:00,78.84560725
21.76251707,46.15261304,2022-01-16 20:00:00,73.12301846
21.30134059,55.44536299,2022-01-16 21:00:00,63.87007077
27.12107588,48.23358401,2022-01-16 22:00:00,79.85590095
28.77905874,46.13660981,2022-01-16 23:00:00,87.41590659
24.34655109,33.72474823,2022-01-17 00:00:00,78.57276368
28.04969083,52.79268373,2022-01-17 01:00:00,91.41236537
27.22657085,52.91281321,2022-01-17 02:00:00,81.73188629
27.87594566,41.81840052,2022-01-17 03:00:00,79.16418647
28.97886961,51.24236023,2022-01-17 04:00:00,86.15217411
27.06668311,56.01806487,2022-01-17 05:00:00,81.36888677
24.41382889,51.71472607,2022-01-17 06:00:00,71.93956194
29.76420304,40.90101345,2022-01-17 07:00:00,99.20111959
22.11281096,52.75234457,2022-01-17 08:00:00,63.12270832
24.94066,45.42159697,2022-01-17 09:00:00,81.98142865
24.5772561,33.4144626,2022-01-17 10:00:00,80.25248579
21.25280329,44.90855786,2022-01-17 11:00:00,71.29929558
29.88439348,40.98758783,2022-01-17 12:00:00,88.01461175
20.64424767,54.84719994,2022-01-17 13:00:00,66.26932558
28.11388728,36.61340149,2022-01-17 14:00:00,82.26693883
28.13017741,35.9940349,2022-01-17 15:00:00,87.04307525
21.08859493,41.24566052,2022-01-17 16:00:00,77.37513106
23.77636032,40.34706645,2022-01-17 17:00:00,65.98179417
22.23464557,47.22998828,2022-01-17 18:00:00,60.54145962
29.08209887,40.03960863,2022-01-17 19:00:00,92.04714124
26.59340245,52.41616513,2022-01-17 20:00:00,85.23654874
22.16261967,34.69720844,2022-01-17 21:00:00,64.86892379
24.60026864,58.78197615,2022-01-17 22:00:00,65.37884109
28.87070395,31.76771768,2022-01-17 23:00:00,88.69140252
29.9632329,52.72792152,2022-01-18 00:00:00,86.91937064
23.75121949,49.32718645,2022-01-18 01:00:00,83.90650417
24.79179807,30.57037532,2022-01-18 02:00:00,74.11456006
22.29635671,40.90136169,2022-01-18 03:00:00,83.89109971
21.9681776,50.37893002,2022-01-18 04:00:00,71.04837024
25.04055099,44.50249176,2022-01-18 05:00:00,81.6767512
24.79052752,52.75583247,2022-01-18 06:00:00,85.43330465
29.75945757,59.41249914,2022-01-18 07:00:00,71.31149601
20.5722171,43.97216215,2022-01-18 08:00:00,71.59494172
21.49111056,39.48881222,2022-01-18 09:00:00,66.63194055
22.81012541,34.47590173,2022-01-18 10:00:00,78.85915531
28.08026546,48.26695805,2022-01-18 11:00:00,82.06410931
28.15378416,47.01248626,2022-01-18 12:00:00,73.07513598
20.09554473,52.06206832,2022-01-18 13:00:00,79.16619555
23.89145752,40.83516651,2022-01-18 14:00:00,72.79751943
20.13853046,39.65552638,2022-01-18 15:00:00,66.47763446
20.17911178,55.52842843,2022-01-18 16:00:00,72.80385072
28.07737837,59.93757118,2022-01-18 17:00:00,76.06738491
22.75087424,50.50700615,2022-01-18 18:00:00,67.98375026
27.12379101,57.19010322,2022-01-18 19:00:00,81.38657107
27.2833292,33.86674061,2022-01-18 20:00:00,83.25094381
25.01499331,57.38120407,2022-01-18 21:00:00,67.17457319
21.46614366,43.33701786,2022-01-18 22:00:00,67.2612066
24.41325948,51.69606743,2022-01-18 23:00:00,80.34560179
26.63483209,59.35682411,2022-01-19 00:00:00,77.04056885
27.52960508,59.79625782,2022-01-19 01:00:00,95.40295969
20.42362322,46.83908812,2022-01-19 02:00:00,67.29060456
29.19613111,41.38775947,2022-01-19 03:00:00,86.07540331
29.13227847,50.81024194,2022-01-19 04:00:00,91.00712228
21.11310768,58.70466869,2022-01-19 05:00:00,66.91801211
24.96637837,53.28907382,2022-01-19 06:00:00,67.80192845
22.76358104,57.97721769,2022-01-19 07:00:00,72.79116254
24.65059223,54.45885405,2022-01-19 08:00:00,73.71892623
22.40957471,38.40546242,2022-01-19 09:00:00,73.95422053
27.41253712,44.60920859,2022-01-19 10:00:00,79.623972
28.03331127,39.36721114,2022-01-19 11:00:00,88.68436419
23.50882583,33.04746761,2022-01-19 12:00:00,81.29991311
23.14529562,47.35694107,2022-01-19 13:00:00,70.67916602
22.4308629,54.41348794,2022-01-19 14:00:00,65.17124624
20.5837765,51.74602879,2022-01-19 15:00:00,63.86954231
25.67165777,59.9690849,2022-01-19 16:00:00,76.93700355
27.88745418,38.85588182,2022-01-19 17:00:00,77.43531155
22.61263206,50.44744233,2022-01-19 18:00:00,77.03777489
20.12873758,57.8440496,2022-01-19 19:00:00,61.49886156
25.48045246,58.39451438,2022-01-19 20:00:00,87.88863081
20.22008677,44.55551097,2022-01-19 21:00:00,61.89641477
23.79675776,31.88548758,2022-01-19 22:00:00,94.62784882
24.25022001,53.40318871,2022-01-19 23:00:00,77.2202848
25.38331636,54.19772355,2022-01-20 00:00:00,68.56086334
22.51423493,50.69597173,2022-01-20 01:00:00,73.59698894
26.53522213,55.30383545,2022-01-20 02:00:00,77.94474788
21.84477077,41.69973154,2022-01-20 03:00:00,69.71608825
25.81597115,30.34082967,2022-01-20 04:00:00,92.01258749
29.19125943,55.32728849,2022-01-20 05:00:00,83.41231082
22.86227737,55.55803837,2022-01-20 06:00:00,82.21564365
22.09146787,38.18216646,2022-01-20 07:00:00,78.21117089
25.20486973,49.45994888,2022-01-20 08:00:00,78.13600126
20.88886176,59.09974653,2022-01-20 09:00:00,70.75779857
25.50427212,35.8839186,2022-01-20 10:00:00,84.90688052
28.58080683,33.99381185,2022-01-20 11:00:00,83.57237386
25.35449118,32.51025353,2022-01-20 12:00:00,70.11778995
26.91661974,58.22492691,2022-01-20 13:00:00,81.28468118
22.6311935,42.59497914,2022-01-20 14:00:00,71.89785868
24.07722805,41.70972108,2022-01-20 15:00:00,78.212713
23.06624697,47.45438787,2022-01-20 16:00:00,67.07114719
23.77358185,32.34948185,2022-01-20 17:00:00,79.52856104
29.16531215,43.19246452,2022-01-20 18:00:00,83.78413525
28.85697933,43.21711458,2022-01-20 19:00:00,81.52320358
23.35525104,34.59419928,2022-01-20 20:00:00,66.4631671
29.47650955,59.13668675,2022-01-20 21:00:00,81.99562721
25.64670422,46.7606326,2022-01-20 22:00:00,70.238805
26.78585363,43.35657188,2022-01-20 23:00:00,77.7780265
22.24105023,46.78361991,2022-01-21 00:00:00,77.80850874
27.2582908,31.27458878,2022-01-21 01:00:00,85.2818833
27.57310072,53.88959534,2022-01-21 02:00:00,81.99774141
21.70943011,50.93599407,2022-01-21 03:00:00,69.42614283
20.81959506,34.90823967,2022-01-21 04:00:00,57.96891359
25.64877142,32.88701857,2022-01-21 05:00:00,70.76654656
26.76074045,56.62790546,2022-01-21 06:00:00,84.2199785
20.71470807,43.19619849,2022-01-21 07:00:00,74.60538131
29.82885078,30.69157952,2022-01-21 08:00:00,91.11998054
20.35401326,41.20446873,2022-01-21 09:00:00,69.31099721
29.2548335,41.23644932,2022-01-21 10:00:00,88.32121632
20.50449561,31.59744178,2022-01-21 11:00:00,70.72099947
27.06595807,35.08513081,2022-01-21 12:00:00,75.0431186
28.70614547,59.50292369,2022-01-21 13:00:00,85.45715503
21.93223455,32.23320838,2022-01-21 14:00:00,69.00907715
21.30169407,45.6161486,2022-01-21 15:00:00,63.58213875
25.65729226,32.02457715,2022-01-21 16:00:00,78.28346942
29.42690707,34.293824,2022-01-21 17:00:00,93.95894452
21.20819601,35.82143844,2022-01-21 18:00:00,74.99537375
28.98691589,56.14187116,2022-01-21 19:00:00,87.42146757
23.70867172,46.33539364,2022-01-21 20:00:00,75.57152421
22.77245268,56.61673658,2022-01-21 21:00:00,70.46552358
27.31995453,48.88795919,2022-01-21 22:00:00,75.27844824
25.89773605,36.01358111,2022-01-21 23:00:00,80.1690479
22.85292813,55.47826146,2022-01-22 00:00:00,78.620403
27.90983128,36.87131716,2022-01-22 01:00:00,97.77348782
25.98901531,33.47290892,2022-01-22 02:00:00,79.54992428
24.53215975,50.02625154,2022-01-22 03:00:00,82.55820359
21.73892538,50.94222842,2022-01-22 04:00:00,69.58620609
28.36730826,34.45275169,2022-01-22 05:00:00,82.95555694
29.3740347,41.53918388,2022-01-22 06:00:00,83.34177682
26.39412276,46.33224109,2022-01-22 07:00:00,77.12419833
29.45924011,48.61166365,2022-01-22 08:00:00,81.39080271
22.77897688,58.86949405,2022-01-22 09:00:00,80.91405726
24.16545478,42.69914005,2022-01-22 10:00:00,81.62875783
27.456365,35.45969199,2022-01-22 11:00:00,84.06315253
28.22655098,55.03165228,2022-01-22 12:00:00,77.26334147
21.6914656,31.97019731,2022-01-22 13:00:00,65.41066233
20.61166963,47.64144714,2022-01-22 14:00:00,67.2282414
27.32358567,53.02787314,2022-01-22 15:00:00,85.58282095
21.00811341,50.3505054,2022-01-22 16:00:00,67.84233024
26.13529094,48.49872944,2022-01-22 17:00:00,86.92061128
20.41762696,48.92376372,2022-01-22 18:00:00,63.97861756
25.55588368,30.91822133,2022-01-22 19:00:00,69.70390192
23.90094697,56.63156075,2022-01-22 20:00:00,77.9318965
27.45701773,54.87052903,2022-01-22 21:00:00,79.51141828
28.98518472,35.10925352,2022-01-22 22:00:00,83.98375304
24.97811892,44.41369304,2022-01-22 23:00:00,76.87445075
26.82515935,42.24191941,2022-01-23 00:00:00,84.75911327
20.83866999,49.06206117,2022-01-23 01:00:00,64.29007163
22.67116048,56.81287521,2022-01-23 02:00:00,70.31639321
22.23170635,37.79484736,2022-01-23 03:00:00,77.43243518
29.00790109,48.09887547,2022-01-23 04:00:00,70.54726071
20.24928813,45.18328078,2022-01-23 05:00:00,62.90256675
22.34551324,40.65803432,2022-01-23 06:00:00,70.17027036
22.03977721,33.4608652,2022-01-23 07:00:00,64.79217173
29.62762014,36.32525811,2022-01-23 08:00:00,75.91140009
27.77170992,46.42582654,2022-01-23 09:00:00,82.73357614
23.99317174,43.65664413,2022-01-23 10:00:00,77.76876947
24.9167516,57.3094069,2022-01-23 11:00:00,82.76628313
20.07631634,32.70604129,2022-01-23 12:00:00,62.81838028
25.73555306,40.63080081,2022-01-23 13:00:00,75.72856417
22.55587666,57.61749615,2022-01-23 14:00:00,67.26286911
23.19063908,59.02179515,2022-01-23 15:00:00,76.19931217
20.56209591,52.34813063,2022-01-23 16:00:00,68.33142349
23.33355641,49.39029642,2022-01-23 17:00:00,78.51244626
25.52497335,37.24876762,2022-01-23 18:00:00,79.2106342
26.06015213,40.42323481,2022-01-23 19:00:00,83.16661078
20.47820144,45.56656978,2022-01-23 20:00:00,68.44765377
24.41924825,33.13297868,2022-01-23 21:00:00,76.37434527
22.34676878,43.93800228,2022-01-23 22:00:00,74.83286863
25.32515974,44.76713008,2022-01-23 23:00:00,85.39366027
29.61874729,43.25552363,2022-01-24 00:00:00,79.28492244
22.99213053,44.1708505,2022-01-24 01:00:00,71.94351919
25.91264759,57.48034314,2022-01-24 02:00:00,66.26580447
22.1457482,52.81902539,2022-01-24 03:00:00,74.84384966
24.61844836,42.8275436,2022-01-24 04:00:00,82.97112009
23.52624152,44.68224481,2022-01-24 05:00:00,77.94264066
24.31613807,47.10086831,2022-01-24 06:00:00,71.99854881
21.32277028,42.4984518,2022-01-24 07:00:00,58.09700996
20.63740943,31.22942184,2022-01-24 08:00:00,57.28563889
26.603752,33.57893594,2022-01-24 09:00:00,88.21238719
24.08231099,45.69835984,2022-01-24 10:00:00,69.10618927
29.17552052,47.29986557,2022-01-24 11:00:00,80.22231202
25.41129368,37.16071763,2022-01-24 12:00:00,77.9120336
28.78847009,54.58053157,2022-01-24 13:00:00,83.02435403
29.98666302,56.73242455,2022-01-24 14:00:00,89.10913859
22.99469039,41.8912696,2022-01-24 15:00:00,72.97899309
25.87413406,57.99737372,2022-01-24 16:00:00,74.44558893
25.82388945,39.30679749,2022-01-24 17:00:00,75.46514845
24.11929023,48.55222452,2022-01-24 18:00:00,82.22345612
25.02654373,34.21780315,2022-01-24 19:00:00,77.5364085
23.7227527,49.10609795,2022-01-24 20:00:00,76.66682706
21.10590538,42.67683247,2022-01-24 21:00:00,63.29028849
29.89599455,39.33698898,2022-01-24 22:00:00,76.08034763
26.14397546,30.22314214,2022-01-24 23:00:00,83.50109663
23.91815572,36.10532947,2022-01-25 00:00:00,79.40597495
23.03863347,34.69764768,2022-01-25 01:00:00,71.4011527
22.94066538,49.68406055,2022-01-25 02:00:00,67.62811062
27.51967693,59.03372106,2022-01-25 03:00:00,81.04818096
20.26763986,58.92163799,2022-01-25 04:00:00,71.22118707
20.08366729,50.79167004,2022-01-25 05:00:00,61.69541944
28.32013351,39.4505003,2022-01-25 06:00:00,75.26679367
24.22143642,50.19481564,2022-01-25 07:00:00,83.44635557
23.55119385,46.79777671,2022-01-25 08:00:00,73.70147659
23.3773869,50.07109095,2022-01-25 09:00:00,77.62714607
21.85311625,49.34474875,2022-01-25 10:00:00,77.45296107
25.04804121,59.04409493,2022-01-25 11:00:00,80.98899707
29.45655853,38.95180521,2022-01-25 12:00:00,87.70922567
25.29515875,44.99331971,2022-01-25 13:00:00,83.50179531
22.02544347,51.3766689,2022-01-25 14:00:00,60.39699945
28.36227391,42.9274008,2022-01-25 15:00:00,89.06661082
26.24171968,52.45723082,2022-01-25 16:00:00,84.99430222
20.82474447,49.27676588,2022-01-25 17:00:00,79.55022187
27.22115684,47.93821554,2022-01-25 18:00:00,76.85500688
20.58737086,31.69018795,2022-01-25 19:00:00,72.36662634
24.02871733,47.82407464,2022-01-25 20:00:00,79.43030091
25.81290343,30.03266548,2022-01-25 21:00:00,85.12667199
22.94153218,30.13570643,2022-01-25 22:00:00,72.59865351
27.76510015,45.79717917,2022-01-25 23:00:00,77.66773981
20.26519121,56.56906089,2022-01-26 00:00:00,56.03816283
21.43513354,41.04732763,2022-01-26 01:00:00,73.1536083
24.101968,48.45331094,2022-01-26 02:00:00,75.696393
29.22952609,41.08610338,2022-01-26 03:00:00,90.38164565
21.77733703,54.10277494,2022-01-26 04:00:00,64.05448533
21.42294505,36.69059473,2022-01-26 05:00:00,62.86345883
21.77191052,47.21918181,2022-01-26 06:00:00,69.78902813
29.31308953,38.91700998,2022-01-26 07:00:00,85.05730519
26.31211399,51.4087109,2022-01-26 08:00:00,83.88917674
28.05680807,52.25362476,2022-01-26 09:00:00,79.80724747
23.28766175,47.4020651,2022-01-26 10:00:00,62.74215842
26.51619923,45.79171927,2022-01-26 11:00:00,81.94478363
29.53130442,35.77293911,2022-01-26 12:00:00,86.11226292
28.0762791,45.80842442,2022-01-26 13:00:00,76.39956058
22.0720629,34.71629823,2022-01-26 14:00:00,74.36226288
22.7010022,52.32147449,2022-01-26 15:00:00,74.81633189
28.49552925,48.86648944,2022-01-26 16:00:00,75.9607321
23.22451571,52.98828573,2022-01-26 17:00:00,74.44139857
23.10186875,34.10068379,2022-01-26 18:00:00,62.1121358
28.21189889,50.8442512,2022-01-26 19:00:00,92.77187827
24.60783435,32.12362494,2022-01-26 20:00:00,80.91361624
23.37363056,53.558275,2022-01-26 21:00:00,67.39138577
23.66961568,56.52905015,2022-01-26 22:00:00,75.60212741
22.82818145,47.9078551,2022-01-26 23:00:00,76.45718677
28.59608654,47.40582476,2022-01-27 00:00:00,81.26777862
27.92921656,36.93753669,2022-01-27 01:00:00,91.1499123
24.2718963,35.32220516,2022-01-27 02:00:00,79.69723688
26.27569837,30.53538987,2022-01-27 03:00:00,73.88836804
24.33622382,41.24731776,2022-01-27 04:00:00,74.97644951
24.4697235,49.28924731,2022-01-27 05:00:00,80.94999011
23.70759743,30.0159745,2022-01-27 06:00:00,63.92393849
26.20816715,38.81002666,2022-01-27 07:00:00,80.79109196
23.30661431,56.64689276,2022-01-27 08:00:00,79.07794499
20.25069574,43.91625233,2022-01-27 09:00:00,74.11810022
28.34864106,35.0488373,2022-01-27 10:00:00,78.75148886
24.92824931,31.61775716,2022-01-27 11:00:00,78.67500496
25.97635702,52.77395612,2022-01-27 12:00:00,80.82165747
21.78214766,58.58237016,2022-01-27 13:00:00,67.27265526
26.42216018,36.69538886,2022-01-27 14:00:00,66.87386982
22.59073736,54.8049518,2022-01-27 15:00:00,75.02685536
20.39815824,30.15323123,2022-01-27 16:00:00,76.22825756
20.06749865,30.35182675,2022-01-27 17:00:00,68.44825119
24.13939758,57.57155114,2022-01-27 18:00:00,68.74994601
23.12054346,50.62743104,2022-01-27 19:00:00,76.43135425
22.20569345,46.23311453,2022-01-27 20:00:00,80.018592
29.47707023,59.39622954,2022-01-27 21:00:00,77.32851081
22.9402811,48.55911456,2022-01-27 22:00:00,73.08128159
21.41693098,31.53122161,2022-01-27 23:00:00,76.4910652
27.49746828,31.28281848,2022-01-28 00:00:00,79.28141564
27.14986099,45.03310653,2022-01-28 01:00:00,73.47964081
26.74814311,31.90025415,2022-01-28 02:00:00,66.33714109
26.71214456,40.08637971,2022-01-28 03:00:00,81.85160554
29.08707763,55.72124086,2022-01-28 04:00:00,72.80526955
28.84601278,43.59978584,2022-01-28 05:00:00,74.51737038
24.98257767,38.75725353,2022-01-28 06:00:00,75.92716538
22.63029042,47.20063031,2022-01-28 07:00:00,73.02425359
26.04888942,30.25294912,2022-01-28 08:00:00,81.38526022
26.10448921,33.84744735,2022-01-28 09:00:00,77.79518407
24.15038112,45.9592918,2022-01-28 10:00:00,64.55218318
28.62016185,40.10423706,2022-01-28 11:00:00,81.89011469
29.93848322,57.73087569,2022-01-28 12:00:00,90.00918792
20.13462281,35.85912281,2022-01-28 13:00:00,68.47008334
24.21158658,37.95859691,2022-01-28 14:00:00,79.25731303
28.90579614,52.56416466,2022-01-28 15:00:00,76.83539689
27.48661412,37.21532158,2022-01-28 16:00:00,88.5772787
22.73250707,38.51530366,2022-01-28 17:00:00,73.28393544
20.07164772,48.81124508,2022-01-28 18:00:00,68.43520744
25.82621305,35.01392772,2022-01-28 19:00:00,74.09351699
28.18462274,51.84887743,2022-01-28 20:00:00,73.20578306
27.53830307,36.16511407,2022-01-28 21:00:00,80.45955842
28.80974376,31.20860574,2022-01-28 22:00:00,98.76175415
20.31491258,44.10449499,2022-01-28 23:00:00,71.87972003
22.13194402,46.87685194,2022-01-29 00:00:00,77.57159591
23.88625337,57.39942543,2022-01-29 01:00:00,67.96327937
21.50292107,59.79044149,2022-01-29 02:00:00,69.33178402
22.76553909,41.41677493,2022-01-29 03:00:00,69.07359499
29.64373158,43.95863614,2022-01-29 04:00:00,98.84375583
27.28158675,54.12840021,2022-01-29 05:00:00,79.49779513
29.59394449,30.16193994,2022-01-29 06:00:00,87.54904071
24.75677779,51.30005117,2022-01-29 07:00:00,84.95971162
21.1459905,48.96701517,2022-01-29 08:00:00,69.62319925
22.09220846,42.40093957,2022-01-29 09:00:00,76.42540607
25.77166761,54.7639035,2022-01-29 10:00:00,89.20534468
21.93404128,34.36804731,2022-01-29 11:00:00,74.95950368
29.19925331,48.58511628,2022-01-29 12:00:00,91.70325794
23.70223919,51.28069807,2022-01-29 13:00:00,73.09132362
29.56555395,56.3245426,2022-01-29 14:00:00,92.85040373
27.0752844,46.22075991,2022-01-29 15:00:00,86.26883864
20.4384641,47.20201305,2022-01-29 16:00:00,77.55394617
29.03895699,48.46870704,2022-01-29 17:00:00,78.92474327
26.43328931,53.38540225,2022-01-29 18:00:00,74.38816585
27.99273037,32.15155706,2022-01-29 19:00:00,89.49271922
29.07053309,41.48872021,2022-01-29 20:00:00,79.78630032
23.57979168,30.50283984,2022-01-29 21:00:00,79.60206955
24.26128135,37.77295911,2022-01-29 22:00:00,74.92464777
26.11811557,43.02256194,2022-01-29 23:00:00,69.36561644
20.00756508,41.51952182,2022-01-30 00:00:00,69.73709713
27.82597661,41.21234535,2022-01-30 01:00:00,83.06354934
29.42914999,34.76474987,2022-01-30 02:00:00,78.13585396
29.99258027,48.8872186,2022-01-30 03:00:00,85.89515636
28.0511284,51.93560522,2022-01-30 04:00:00,75.90956928
27.98085466,59.30435197,2022-01-30 05:00:00,76.66893628
26.30848125,44.76515492,2022-01-30 06:00:00,82.96533967
29.54518117,47.0495955,2022-01-30 07:00:00,83.01619775
23.15739485,47.70455229,2022-01-30 08:00:00,79.12372535
21.63769047,56.53215874,2022-01-30 09:00:00,75.31283757
29.61477902,37.12314738,2022-01-30 10:00:00,88.20706667
22.76211606,52.29216678,2022-01-30 11:00:00,73.55905181
22.65961907,45.55197539,2022-01-30 12:00:00,77.84733818
26.98139325,59.45697848,2022-01-30 13:00:00,80.05988642
21.9612164,54.98949619,2022-01-30 14:00:00,73.86273288
23.11439431,49.68643212,2022-01-30 15:00:00,72.58267636
27.62508301,34.41915558,2022-01-30 16:00:00,85.14000481
26.61184066,57.42525064,2022-01-30 17:00:00,75.80524544
23.29927367,44.4095084,2022-01-30 18:00:00,70.55942711
22.31054301,57.01196737,2022-01-30 19:00:00,73.41356806
29.8808975,51.59409018,2022-01-30 20:00:00,81.75602367
27.99737167,51.60868413,2022-01-30 21:00:00,86.77321944
25.1697362,40.8469461,2022-01-30 22:00:00,67.21609542
24.4959837,58.3705951,2022-01-30 23:00:00,71.72715986
26.33692121,59.95006001,2022-01-31 00:00:00,82.49632389
27.6078765,58.64581142,2022-01-31 01:00:00,76.73768632
26.52983759,51.7401741,2022-01-31 02:00:00,93.21841405
21.90527218,56.23338145,2022-01-31 03:00:00,78.39455065
24.4700076,56.05588795,2022-01-31 04:00:00,68.49891728
26.03592884,54.84866881,2022-01-31 05:00:00,73.6236893
27.62168629,57.46459561,2022-01-31 06:00:00,84.160067
23.6596954,34.09427409,2022-01-31 07:00:00,71.95239612
28.25368793,53.14133165,2022-01-31 08:00:00,86.85307892
23.29192838,52.13917932,2022-01-31 09:00:00,76.96119913
23.5129095,38.97781597,2022-01-31 10:00:00,64.73408496
20.81844856,39.28792343,2022-01-31 11:00:00,60.7193492
24.25857106,32.2108027,2022-01-31 12:00:00,79.53641349
22.85909309,54.96598679,2022-01-31 13:00:00,71.89591789
27.87288335,57.02119197,2022-01-31 14:00:00,82.29880062
28.82222696,36.07354818,2022-01-31 15:00:00,86.26459142
26.48049983,46.17822621,2022-01-31 16:00:00,77.18138143
27.18535073,33.58135304,2022-01-31 17:00:00,88.35160575
28.10871692,38.08648857,2022-01-31 18:00:00,79.66830962
24.6781592,50.18479375,2022-01-31 19:00:00,75.38754514
25.15402358,37.5934891,2022-01-31 20:00:00,79.43136341
27.91915847,59.95451433,2022-01-31 21:00:00,90.89850706
20.48190843,35.04549569,2022-01-31 22:00:00,58.82047314
21.15826452,59.85922164,2022-01-31 23:00:00,63.87592666
28.18426786,41.70193861,2022-02-01 00:00:00,92.37619236
26.98344484,45.60342019,2022-02-01 01:00:00,78.40883004
21.53636417,54.3755332,2022-02-01 02:00:00,67.42856121
28.08994591,42.00546784,2022-02-01 03:00:00,72.9578297
27.89823981,41.32992612,2022-02-01 04:00:00,84.57865297
28.29512342,42.78462937,2022-02-01 05:00:00,61.49139445
27.56570566,41.41368171,2022-02-01 06:00:00,88.92697402
20.54478495,44.47699544,2022-02-01 07:00:00,73.0502524
26.00147198,38.5981292,2022-02-01 08:00:00,81.88643449
21.21202867,53.08541654,2022-02-01 09:00:00,58.24209602
24.39756444,58.18814022,2022-02-01 10:00:00,75.12129223
29.29766307,47.35110332,2022-02-01 11:00:00,85.90455016
25.60155207,56.72951451,2022-02-01 12:00:00,76.74886744
24.67189417,38.46964242,2022-02-01 13:00:00,64.20732945
20.22512832,58.49865436,2022-02-01 14:00:00,56.84982855
29.65387961,33.01159595,2022-02-01 15:00:00,87.79268635
25.65096293,56.06640845,2022-02-01 16:00:00,71.45984362
25.64901832,57.80122107,2022-02-01 17:00:00,73.97684043
24.71825504,59.49961628,2022-02-01 18:00:00,76.2676269
28.89368236,44.8281134,2022-02-01 19:00:00,90.01825906
25.21536687,58.63396635,2022-02-01 20:00:00,79.76646361
24.58577372,36.11300246,2022-02-01 21:00:00,87.17029521
24.37595288,34.52068966,2022-02-01 22:00:00,80.8706171
26.25227595,46.65924798,2022-02-01 23:00:00,88.0844892
25.43132664,45.75602508,2022-02-02 00:00:00,75.22014747
29.64991726,56.29287036,2022-02-02 01:00:00,81.22613097
24.01919803,56.04866518,2022-02-02 02:00:00,72.72344605
26.26525293,41.64147115,2022-02-02 03:00:00,87.19432933
20.4633694,56.84802551,2022-02-02 04:00:00,75.52459628
28.96469791,59.25342593,2022-02-02 05:00:00,86.73987203
26.70112471,55.33088024,2022-02-02 06:00:00,83.52743894
20.08653775,51.56310876,2022-02-02 07:00:00,77.28728399
25.75469249,49.21120909,2022-02-02 08:00:00,70.97033275
27.30160658,57.97120944,2022-02-02 09:00:00,77.3945975
23.79870306,57.17028645,2022-02-02 10:00:00,64.48440467
23.92643493,56.13283159,2022-02-02 11:00:00,66.07285098
20.97384228,31.83859337,2022-02-02 12:00:00,72.70629944
21.51112995,44.12494935,2022-02-02 13:00:00,70.34077898
27.43684094,55.00411303,2022-02-02 14:00:00,81.00413677
25.95545736,38.28930151,2022-02-02 15:00:00,78.44143059
23.26761208,57.2826037,2022-02-02 16:00:00,73.09044015
21.2291945,39.55323148,2022-02-02 17:00:00,67.92958883
28.49473798,51.32805727,2022-02-02 18:00:00,91.94462324
23.15494774,47.36376617,2022-02-02 19:00:00,70.06946029
20.65751336,46.07318749,2022-02-02 20:00:00,68.97311366
24.18108511,50.47679015,2022-02-02 21:00:00,81.74305152
22.71729972,34.686398,2022-02-02 22:00:00,71.40042116
22.96947719,39.75044651,2022-02-02 23:00:00,69.56545394
28.72151326,43.15596607,2022-02-03 00:00:00,87.72153705
26.82303658,39.00066354,2022-02-03 01:00:00,88.54690592
23.62926205,50.65102665,2022-02-03 02:00:00,74.44998449
20.5848909,39.25838878,2022-02-03 03:00:00,69.19314438
25.50999331,35.47907375,2022-02-03 04:00:00,88.59672326
22.76237612,43.31272491,2022-02-03 05:00:00,73.58727585
28.53358765,37.00306503,2022-02-03 06:00:00,75.74823227
23.93992593,32.80443406,2022-02-03 07:00:00,73.12946992
25.56660939,35.10109143,2022-02-03 08:00:00,82.91047044
24.08361218,36.4749775,2022-02-03 09:00:00,68.27240947
24.73966175,45.58300764,2022-02-03 10:00:00,71.58316626
20.04435657,30.65218583,2022-02-03 11:00:00,67.22109968
20.99399431,39.4137876,2022-02-03 12:00:00,80.08033044
26.0914733,53.96120022,2022-02-03 13:00:00,74.24422105
28.01246676,46.21168709,2022-02-03 14:00:00,87.8095251
28.54278847,36.45162732,2022-02-03 15:00:00,86.32516881
28.40811945,37.88392171,2022-02-03 16:00:00,84.79082443
22.99570812,45.79452841,2022-02-03 17:00:00,66.23213007
20.83318352,56.66324712,2022-02-03 18:00:00,71.54282748
25.78323915,51.60966188,2022-02-03 19:00:00,79.55821443
21.51125823,35.19788862,2022-02-03 20:00:00,62.95025498
21.94897546,55.60056774,2022-02-03 21:00:00,66.18474115
26.01488046,35.75740519,2022-02-03 22:00:00,83.07569263
25.19169167,47.51943831,2022-02-03 23:00:00,71.48229017
28.26504543,56.79329233,2022-02-04 00:00:00,83.38402609
24.50754967,42.9668262,2022-02-04 01:00:00,73.26989577
24.28871387,48.36744649,2022-02-04 02:00:00,70.20728103
24.07103614,39.90131155,2022-02-04 03:00:00,66.30486305
24.10334512,35.692113,2022-02-04 04:00:00,74.97728056
21.57115267,58.05856667,2022-02-04 05:00:00,74.38874934
28.28563924,56.60383216,2022-02-04 06:00:00,86.1223494
23.78426829,32.47064633,2022-02-04 07:00:00,67.89021821
21.79774133,52.26493182,2022-02-04 08:00:00,75.97826561
21.42627021,30.23178866,2022-02-04 09:00:00,76.68428383
29.05297594,40.75143674,2022-02-04 10:00:00,83.05468484
28.76532891,34.66679754,2022-02-04 11:00:00,96.45214337
22.54083143,34.84812982,2022-02-04 12:00:00,80.2060415
26.55022702,50.41969838,2022-02-04 13:00:00,81.2737541
28.92838672,41.10289251,2022-02-04 14:00:00,88.20566274
24.37054662,43.78369053,2022-02-04 15:00:00,79.60890866
20.64682792,58.47525367,2022-02-04 16:00:00,61.39888772
28.95982956,38.06314508,2022-02-04 17:00:00,83.78843868
28.33608115,47.13751072,2022-02-04 18:00:00,87.35825907
29.22900467,56.38316548,2022-02-04 19:00:00,84.58918212
26.71843071,32.28247086,2022-02-04 20:00:00,80.05588357
24.56759849,42.83672155,2022-02-04 21:00:00,74.61537841
25.38193876,51.10486601,2022-02-04 22:00:00,74.86247537
29.38146069,44.66527946,2022-02-04 23:00:00,93.15131327
28.79814763,44.18603881,2022-02-05 00:00:00,84.37745793
26.58033097,46.39039449,2022-02-05 01:00:00,80.01859292
29.63049975,47.16853618,2022-02-05 02:00:00,91.62295102
28.45055924,32.84903053,2022-02-05 03:00:00,77.514805
25.22320755,48.4696707,2022-02-05 04:00:00,79.13007292
24.09088378,49.08952831,2022-02-05 05:00:00,78.48401742
26.71613186,57.34769752,2022-02-05 06:00:00,85.89818605
24.00783052,58.4365523,2022-02-05 07:00:00,83.4011243
25.16829644,40.02654786,2022-02-05 08:00:00,63.21657677
22.27739106,39.72838496,2022-02-05 09:00:00,73.22462577
25.6069144,46.00865182,2022-02-05 10:00:00,81.0498032
25.34790012,32.93935539,2022-02-05 11:00:00,79.19585224
28.79738511,44.39125352,2022-02-05 12:00:00,88.29431992
27.51066125,32.42067237,2022-02-05 13:00:00,82.97342334
21.67499212,35.91682534,2022-02-05 14:00:00,72.92881578
27.88820533,48.11592237,2022-02-05 15:00:00,81.49782676
22.0104221,54.23916765,2022-02-05 16:00:00,69.23100378
23.12435844,43.10017333,2022-02-05 17:00:00,75.86536114
29.08737283,37.30496715,2022-02-05 18:00:00,91.7555391
26.04721462,35.85152786,2022-02-05 19:00:00,85.13385609
26.98789797,56.78537997,2022-02-05 20:00:00,82.56068812
21.09688967,47.19790617,2022-02-05 21:00:00,67.73072438
29.74091479,34.11704979,2022-02-05 22:00:00,96.12930554
21.17484269,32.80046311,2022-02-05 23:00:00,70.83758873
26.60848165,48.62548456,2022-02-06 00:00:00,80.9817078
20.03628741,38.68758536,2022-02-06 01:00:00,65.35606147
22.71820691,59.72982547,2022-02-06 02:00:00,72.0400341
24.98107044,40.5971235,2022-02-06 03:00:00,77.12078032
21.76691226,53.67990211,2022-02-06 04:00:00,75.34853571
26.33652802,38.57671253,2022-02-06 05:00:00,71.39760851
27.7595366,46.74498699,2022-02-06 06:00:00,86.0852701
28.35771876,42.09815575,2022-02-06 07:00:00,93.38115408
29.95881393,55.97018463,2022-02-06 08:00:00,96.82701547
25.04883514,59.93870799,2022-02-06 09:00:00,80.88730638
22.59529216,33.60949472,2022-02-06 10:00:00,69.22037411
24.00912721,45.67662693,2022-02-06 11:00:00,60.91932103
22.36843591,38.06663189,2022-02-06 12:00:00,75.53856591
27.5395163,50.86960692,2022-02-06 13:00:00,79.79984375
20.2444334,39.79680337,2022-02-06 14:00:00,71.54910417
29.01783486,32.13479336,2022-02-06 15:00:00,84.69091054
26.37917495,56.62360535,2022-02-06 16:00:00,83.60757994
27.13106991,54.30234046,2022-02-06 17:00:00,75.65001747
24.41123228,38.30052851,2022-02-06 18:00:00,75.87689148
24.37962563,39.06644928,2022-02-06 19:00:00,81.09720609
20.68580659,45.27762438,2022-02-06 20:00:00,65.30920333
26.3028212,38.0277994,2022-02-06 21:00:00,76.12563634
23.20812798,50.52298821,2022-02-06 22:00:00,73.72564333
23.46602868,58.22187803,2022-02-06 23:00:00,70.17277014
22.46008002,49.59210976,2022-02-07 00:00:00,67.46719138
21.92434239,46.18612734,2022-02-07 01:00:00,76.6542085
23.97881545,35.23788799,2022-02-07 02:00:00,74.08847513
22.73120326,52.4317671,2022-02-07 03:00:00,70.68157322
29.67898257,56.63671441,2022-02-07 04:00:00,89.39200619
28.34389954,50.74762688,2022-02-07 05:00:00,82.97682702
23.75753049,32.63769389,2022-02-07 06:00:00,82.21006924
21.76140109,32.85550264,2022-02-07 07:00:00,73.55268633
21.21096323,54.6135702,2022-02-07 08:00:00,77.21726258
20.97957693,49.98834659,2022-02-07 09:00:00,75.64266579
26.54625073,41.28842309,2022-02-07 10:00:00,79.10797905
22.6156225,59.66429932,2022-02-07 11:00:00,72.99207937
21.86244659,41.16892155,2022-02-07 12:00:00,67.25414246
24.52626836,47.72876262,2022-02-07 13:00:00,80.1329726
26.03597935,44.44486873,2022-02-07 14:00:00,77.54516278
22.39082226,41.21184932,2022-02-07 15:00:00,73.93699973
25.72431059,48.99770537,2022-02-07 16:00:00,90.68396397
28.73921426,40.61356446,2022-02-07 17:00:00,84.48618077
29.9834779,52.30399569,2022-02-07 18:00:00,74.65312778
27.47582658,36.3306621,2022-02-07 19:00:00,76.26071512
24.21722998,45.40964841,2022-02-07 20:00:00,64.04592358
22.92128631,45.04984297,2022-02-07 21:00:00,77.31037565
21.35151333,48.12040521,2022-02-07 22:00:00,74.9489798
24.34701566,42.80966918,2022-02-07 23:00:00,78.70128233
29.96655439,40.78798271,2022-02-08 00:00:00,85.1702409
23.89552403,41.99854406,2022-02-08 01:00:00,83.94589323
29.28538259,58.63841889,2022-02-08 02:00:00,74.34243804
27.22762839,50.83306666,2022-02-08 03:00:00,84.7400975
28.98693963,55.72651108,2022-02-08 04:00:00,95.57079969
25.52046425,51.50257537,2022-02-08 05:00:00,79.29740483
20.87472443,36.72812961,2022-02-08 06:00:00,66.56248893
23.37897065,55.59427579,2022-02-08 07:00:00,83.39737387
25.97384509,55.79231404,2022-02-08 08:00:00,84.07356122
22.26456678,40.73575249,2022-02-08 09:00:00,68.01886834
25.51182603,57.98447619,2022-02-08 10:00:00,79.29216969
24.37677484,47.06261507,2022-02-08 11:00:00,72.42289482
26.77358347,42.8745625,2022-02-08 12:00:00,78.65715748
28.36480086,49.04873986,2022-02-08 13:00:00,92.05846873
24.10295422,30.90579841,2022-02-08 14:00:00,73.4805151
21.25701577,35.17672077,2022-02-08 15:00:00,75.18282329
23.50914938,50.84867785,2022-02-08 16:00:00,72.96232564
22.92890892,31.49945724,2022-02-08 17:00:00,79.48897674
20.9666306,57.77128542,2022-02-08 18:00:00,71.97590774
24.8313237,57.25345492,2022-02-08 19:00:00,70.05016652
29.96347008,45.00621224,2022-02-08 20:00:00,88.62840259
22.75723753,36.16652806,2022-02-08 21:00:00,74.72368767
29.99867084,40.24384224,2022-02-08 22:00:00,86.84048949
27.44671039,54.86061809,2022-02-08 23:00:00,74.3275063
20.27935348,44.4364551,2022-02-09 00:00:00,63.298668
29.60794278,53.48252631,2022-02-09 01:00:00,90.27979418
24.12651879,30.76844334,2022-02-09 02:00:00,71.0815677
21.81587758,44.57454914,2022-02-09 03:00:00,65.44361099
23.11871542,56.43582098,2022-02-09 04:00:00,72.51223872
21.65038824,48.94623968,2022-02-09 05:00:00,64.62759468
21.11181188,58.7689595,2022-02-09 06:00:00,69.59831785
24.80157848,48.89517137,2022-02-09 07:00:00,75.91929167
28.52216971,39.95780969,2022-02-09 08:00:00,90.07860084
24.54524303,46.32449446,2022-02-09 09:00:00,79.81306116
24.77875811,39.14501529,2022-02-09 10:00:00,72.35976106
27.58947168,40.46900316,2022-02-09 11:00:00,83.13482274
22.33810762,52.79628694,2022-02-09 12:00:00,69.88707787
28.54320478,34.14247653,2022-02-09 13:00:00,79.68546683
23.15954912,32.39728726,2022-02-09 14:00:00,85.9483637
25.36081241,53.68370098,2022-02-09 15:00:00,74.2580241
27.00329109,42.48058093,2022-02-09 16:00:00,76.35641844
25.07977843,35.18174584,2022-02-09 17:00:00,79.6434927
26.97346532,33.66250249,2022-02-09 18:00:00,70.99655426
21.67601269,49.48200699,2022-02-09 19:00:00,82.1063365
27.65398675,41.17542628,2022-02-09 20:00:00,88.26987975
23.82850402,34.2562567,2022-02-09 21:00:00,83.56867192
29.90356446,42.49379181,2022-02-09 22:00:00,86.33804991
28.74811635,48.88802887,2022-02-09 23:00:00,76.76750273
26.82476002,44.48031813,2022-02-10 00:00:00,69.98962714
24.19147474,46.78944352,2022-02-10 01:00:00,71.83354858
22.09821551,40.97286589,2022-02-10 02:00:00,76.93341383
25.41041221,43.79639912,2022-02-10 03:00:00,85.93800098
21.32140749,49.25173662,2022-02-10 04:00:00,73.76491766
24.89353003,39.76444688,2022-02-10 05:00:00,81.37491575
20.65343141,57.5286737,2022-02-10 06:00:00,64.16044094
21.83707121,45.6398194,2022-02-10 07:00:00,70.64422481
22.64060301,34.75077908,2022-02-10 08:00:00,77.15619925
21.67949307,46.16724229,2022-02-10 09:00:00,67.00711452
25.83693571,39.91961121,2022-02-10 10:00:00,83.07131441
28.01843862,31.6070045,2022-02-10 11:00:00,87.40830975
25.0810286,31.30369837,2022-02-10 12:00:00,81.3851548
27.41799993,54.11174065,2022-02-10 13:00:00,85.55623558
24.57506756,39.76196305,2022-02-10 14:00:00,71.35978103
25.03816646,32.48298031,2022-02-10 15:00:00,77.81280294
23.6010955,52.29507782,2022-02-10 16:00:00,74.00829413
21.39132081,49.70370719,2022-02-10 17:00:00,67.44994385
26.77268343,50.96743714,2022-02-10 18:00:00,87.42884439
21.65418894,49.52798955,2022-02-10 19:00:00,73.94489716
28.78103161,36.2983093,2022-02-10 20:00:00,79.66377871
21.26410298,53.10358036,2022-02-10 21:00:00,67.04524827
24.64351697,35.28092919,2022-02-10 22:00:00,75.1460117
23.15849344,40.15090339,2022-02-10 23:00:00,68.30644775
20.59433697,50.11578099,2022-02-11 00:00:00,77.43311989
28.04502233,47.54905793,2022-02-11 01:00:00,85.27102849
22.23694823,31.93671848,2022-02-11 02:00:00,62.72987332
23.90781959,47.47699014,2022-02-11 03:00:00,73.62123677
29.16942055,48.93452837,2022-02-11 04:00:00,86.78020327
21.39657155,59.67847838,2022-02-11 05:00:00,71.77578114
22.61967082,33.82695518,2022-02-11 06:00:00,74.63895632
21.99021373,58.50181955,2022-02-11 07:00:00,64.90307782
27.62188333,52.27517309,2022-02-11 08:00:00,93.63964381
28.73284417,44.17064781,2022-02-11 09:00:00,83.29946207
26.65688869,54.16366826,2022-02-11 10:00:00,89.96406418
28.6193823,48.85015976,2022-02-11 11:00:00,82.30669219
23.83664678,47.2564355,2022-02-11 12:00:00,66.57731968
23.00534022,48.72050097,2022-02-11 13:00:00,72.75347139
25.13836489,31.30645921,2022-02-11 14:00:00,76.95038939
23.05116487,42.61542133,2022-02-11 15:00:00,71.54531131
